function_name,input,expected_output,assignee,notes,testcomplete?
any_value,,,shabbir,v1 (native support),
approx_top_k,,,shabbir,v2,
approximate_count_distinct,,,shabbir,v2,
approximate_jaccard_index,,,shabbir,v2,
approximate_similarity,,,shabbir,v2,
array_agg,coffee,"coffee, iced tea, latte, tea",shabbir,v1,
array_agg,iced tea,"coffee, iced tea, latte, tea",shabbir,v1,
array_agg,latte,"coffee, iced tea, latte, tea",shabbir,v1,
array_agg,tea,"coffee, iced tea, latte, tea",shabbir,v1,
array_append,,,shabbir,v1 (native support),
array_cat,"coffee, iced tea","coffee, iced tea, latte, tea",shabbir,,
array_cat,"latte,tea","coffee, iced tea, latte, tea",shabbir,,
array_compact,,,shabbir,v1 (native support),
array_construct,,,shabbir,v1 (WIP),
array_construct_compact,,,shabbir,,
array_insert,,,shabbir,,
array_intersection,,,shabbir,,
array_size,,,shabbir,,
array_slice,,,shabbir,,
array_to_string,,,shabbir,,
arrayagg,,,shabbir,,
as_char,,,shabbir,,
as_date,,,shabbir,,
as_integer,,,shabbir,,
as_number,,,shabbir,,
as_varchar,,,shabbir,,
base64_decode_binary,,,shabbir,,
base64_decode_string,,,shabbir,,
base64_encode,,,shabbir,,
bitand,,,shabbir,,
booland_agg,,,shabbir,,
boolor_agg,,,shabbir,,
boolxor_agg,,,shabbir,,
charindex,,,shabbir,,
check_json,,,shabbir,,
compress,,,shabbir,,
contains,coffee,FALSE,shabbir,v1,yes
contains,iced tea,TRUE,shabbir,v1,yes
contains,latte,TRUE,shabbir,v1,yes
contains,tea,TRUE,shabbir,v1,yes
contains,NULL,NULL,shabbir,v1,yes
control.harmonize_compact,,,shabbir,,
convert_timezone,,,shabbir,v1,
date_from_parts,"{""col1"":""2023"",""col2"":""01"",""col3"":""10""}",10/1/2023,shabbir,v1,yes
dateadd,"{""col1"":""day"",""col2"":""7"",""col3"":""2023-01-10""}",17/1/2023,shabbir,v1,yes
dateadd,"{""col1"":""minute"",""col2"":""11"",""col3"":""2023-01-10 7:13""}",10/1/2023 7:24,shabbir,v1,yes
dayname,3/5/2023,Wed,shabbir,v1,yes
dayname,8/5/2023 11:15,Mon,shabbir,v1,yes
dayofweekiso,3/5/2023,3,shabbir,v1,yes
dayofweekiso,8/5/2023 11:15,1,shabbir,v1,yes
decrypt,,,shabbir,,
div0,,,shabbir,,
editdistance,,,shabbir,,
encrypt,,,shabbir,,
endswith,,,shabbir,,
enrich_placement_ad_type,,,shabbir,,
equal_null,,,shabbir,v1,
get,,,shabbir,,
get_ddl,,,shabbir,v1,
get_path,,,shabbir,,
getdate,,,shabbir,v1,
hash_agg,,,shabbir,,
hex_decode_binary,,,shabbir,,
hex_decode_string,,,shabbir,,
hll,,,shabbir,,
hll_estimate,,,shabbir,,
hll_export,,,shabbir,,
hll_import,,,shabbir,,
iff,,,shabbir,v1 (natively supported),
ilike,,,shabbir,,
insert,,,shabbir,,
is_boolean,,,shabbir,,
is_date,,,shabbir,,
is_integer,,,shabbir,,
is_null_value,,,shabbir,,
is_real,,,shabbir,,
is_role_in_session,,,shabbir,,
json_extract_path_text,,,shabbir,v1,
last_query_id,,,shabbir,,
last_transaction,,,shabbir,,
len,,,shabbir,v1,
listagg,,,shabbir,v1,
md5_binary,Snowflake,EDF1439075A83A447FB8B630DDC9C8DE,roberto,v1,
md5_hex,,,roberto,v2,
md5_number_lower64,,,roberto,v2,
md5_number_upper64,,,roberto,v2,
median,,,roberto,v1 (native support),
minhash,,,roberto,v2,
minhash_combine,,,roberto,v2,
mode,,,roberto,v2,
monthname,1/5/2015,May,roberto,v1,yes
monthname,3/4/2015 10:00,Apr,roberto,v1,yes
nullifzero,,,roberto,v2,
object_agg,,,roberto,v2,
object_construct,,,roberto,v1 (WIP),
object_delete,,,roberto,v1 (not supported),
object_insert,,,roberto,v1 (not supported),
object_keys,,,roberto,v2,
objectagg,,,roberto,v2,
parse_json,,,roberto,v1 (not supported),
parse_xml,,,roberto,v1 (not supported),
percentile_cont,,,roberto,v1 (native support),
percentile_disc,,,roberto,v1 (native support),
previous_day,,,roberto,v2,
randstr,,,roberto,v2,
ratio_to_report,,,roberto,v2,
regexp,,,roberto,v2,
regexp_count,,,roberto,v1 (native support),
regexp_instr,,,roberto,v1 (native support),
regexp_like,,,roberto,v1 (native support),
regexp_substr,,,roberto,v1 (native support),
seq1,,,roberto,v2,
seq2,,,roberto,v2,
seq4,,,roberto,v1 (no test needed),
seq8,,,roberto,v2,
sha1_hex,,,roberto,v2,
sha2_binary,,,roberto,v2,
sha2_hex,,,roberto,v2,
split_part,"{11.22.33, ""."", 0}",11,roberto,v1(natively supported),
split_part,"{11.22.33, ""."", 1}",11,roberto,v1(natively supported),
split_part,"{11.22.33, ""."", 2}",22,roberto,v1(natively supported),
split_part,"{11.22.33, ""."", 3}",33,roberto,v1(natively supported),
split_part,"{11.22.33, ""."", 4}",,roberto,v1(natively supported),
split_part,"{11.22.33, ""."", -1}",33,roberto,v1(natively supported),
split_part,"{11.22.33, ""."", -2}",22,roberto,v1(natively supported),
split_part,"{11.22.33, ""."", -3}",11,roberto,v1(natively supported),
split_part,"{11.22.33, ""."", -4}",,roberto,v1(natively supported),
square,,,roberto,v2,
st_intersects,,,roberto,v2,
standardize,,,roberto,v2,
startswith,coffee,FALSE,roberto,v1,yes
startswith,iced tea,FALSE,roberto,v1,yes
startswith,latte,FALSE,roberto,v1,yes
startswith,tea,TRUE,roberto,v1,yes
startswith,NULL,NULL,roberto,v1,yes
strtok,,,roberto,v2,
strtok_to_array,"{""col1:""a.b.c"",""col2"", "".""}","[""a"", ""b"", ""c""]",roberto,v1,
strtok_to_array,"{""col1"":""user@snowflake.com"", ""col2"":"".@""}","[""user"", ""snowflake"", ""com""]",,,
sysdate,,,roberto,v2,
systimestamp,,,roberto,v2,
time,,,roberto,v2,
time_slice,,,roberto,v2,
timeadd,"{""col1"":""year"", ""col2"":2, ""col3"":""2013-05-08""}","""2015-05-08""",roberto,v2,
timeadd,"{""col1"":""hour"", ""col2"":2, ""col3"": ""2013-04-05 02:00:00.000""}","""2015-05-08""",roberto,v2,
timediff,"{""col1"":""year"", ""col2"":""2017-01-01"",""col3"":""2019-01-01""}",2,roberto,v1,
timediff,"{""col1"":""month"", ""col2"":""2017-01-01"", ""col3"":""2017-12-31""}",11,roberto,v1,
timestamp_from_parts,,,roberto,v2,
timestamp_ntz_from_parts,,,roberto,v2,
timestampadd,"{""col1"":year"", ""col2"": 2, ""col3"":""2013-05-08""}","""2015-05-08""",roberto,v1,
timestampadd,"{""col1"":""hour"", ""col2"":2, ""col3"":""2013-04-05 00:00:00.000""}",5/4/2013 2:00,roberto,v1,
timestampdiff,"{""col1"":""year"",""col2"": ""2017-01-01"",""col3"": ""2019-01-01""}",2,roberto,v1,
timestampdiff,"{""col1"":""month"", ""col2"":""2017-01-01"",""col3"": ""2017-12-31""}",11,roberto,v1,
to_array,1,[1],roberto,v1,yes
to_array,3,[3],,,
to_binary,"(""col1"": ""SNOW"", ""col2"":utf-8"")",534E4F57,roberto,v1,
to_boolean,yes,TRUE,roberto,v1,
to_boolean,no,FALSE,,,
to_boolean,NULL,NULL,,,
to_boolean,1,TRUE,,,
to_boolean,0,FALSE,,,
to_boolean,NULL,NULL,,,
to_char,"{""col1"":'2013-04-05 01:02:03', ""col2"":'mm/dd/yyyy', ""col3"":'hh23:mi hours'}","{""col1"":'04/05/2013', ""col2"":'01:02 hours'}",roberto,v1,
to_char,"{""col1"":""03-May-2013""}",3/5/2013,,,
to_char,"{""col1"":""03-May-2013"", ""col2"":""yyyy.mm.dd""}",2013.05.03,,,
to_number,12.3456,12,roberto,v1 (WIP),
to_number,98.76546,99,,,
to_number,"{12.3456, 10, 1}",12.3,,,
to_number,"{98.76546, 10, 1}",98.8,,,
to_number,"{12.3456, 10, 8}",12.3456,,,
to_number,"{98.76546, 10, 8}",98.7645,,,
to_double,,,roberto,v2,
to_geography,,,roberto,v1 (not supported),
to_decimal,1,,roberto,v1 (WIP),
to_decimal,-12.3,,,,
to_decimal,0,,,,
to_decimal,-0.1,,,,
to_decimal,"{1, '99.9', 9, 5}",1.00000',,,
to_decimal,"{-12.3, '99.9', 9, 5}",-12.30000',,,
to_decimal,"{0.0, '99.9', 9, 5}",0.00000',,,
to_decimal,"{-0.1, '99.9', 9, 5}",-0.10000',,,
to_decimal,"{1, 'TM9', 9, 5}",1.00000',,,
to_decimal,"{1, 'TM9', 9, 5}",-12.30000',,,
to_decimal,"{1, 'TM9', 9, 5}",0.00000',,,
to_decimal,"{1, 'TM9', 9, 5}",-0.10000',,,
to_numeric,12.3456,12,roberto,v1 (WIP),
to_numeric,98.76546,99,,,
to_numeric,"{12.3456, 10, 1}",12.3,,,
to_numeric,"{98.76546, 10, 1}",98.8,,,
to_numeric,"{12.3456, 10, 8}",12.3456,,,
to_numeric,"{98.76546, 10, 8}",98.7645,,,
to_object,,,roberto,v2,
to_time,13:30:00',13:30:00',roberto,v1,
to_time,13:30:00.000',13:30:00',,,
to_time,"{'11.15.00', ''HH24.MI.SS'}",11:15:00',,,
to_timestamp_ltz,,,roberto,v2,
to_timestamp_ntz,todo,,roberto,v1 (WIP),
to_timestamp_tz,todo,,roberto,v1 (WIP),
to_varchar,"{'2013-04-05 01:02:03', 'mm/dd/yyyy', hh23:mi hours""","{'04/05/2013', '01:02 hours'}",roberto,v1,
to_varchar,"{""03-May-2013""}",3/5/2013,,,
to_varchar,"{""03-May-2013"", ""yyyy.mm.dd""}",2013.05.03,,,
to_variant,,,roberto,v2,
truncate,,,roberto,v2,
try_base64_decode_string,,,roberto,v2,
try_cast,"{'05-Mar-2016', 'AS TIMESTAMP'}",2016-03-05 00:00:00:000,roberto,v1,
try_cast,"{'05/2016', 'AS TIMESTAMP'}",NULL,,,
try_cast,"{'ABCD', 'AS CHAR(2)'}",NULL,,,
try_cast,"{'ABCD', 'AS VARCHAR(10)'}",ABCD,,,
try_parse_json,,,roberto,v1 (not supported),
try_to_binary,,,roberto,v2,
try_to_boolean,,,roberto,v2,
try_to_date,,,roberto,v2,
try_to_decimal,345.123,345,roberto,v1 (WIP),
try_to_decimal,"{345.123, 10, 2}",345.12,,,
try_to_decimal,"{345.123, 4, 2}",NULL,,,
try_to_decimal,"{'$345.12', '$999.00'}",345,,,
try_to_decimal,"{'$345.12', '$999.00', 5, 2}",345.12,,,
try_to_decimal,"{'$345.12', 5, 2}",NULL,,,
try_to_number,345.123,345,roberto,v1 (WIP),
try_to_number,"{345.123, 10, 2}",345.12,,,
try_to_number,"{345.123, 4, 2}",NULL,,,
try_to_number,"{'$345.12', '$999.00'}",345,,,
try_to_number,"{'$345.12', '$999.00', 5, 2}",345.12,,,
try_to_number,"{'$345.12', 5, 2}",NULL,,,
try_to_numeric,345.123,345,roberto,v1 (WIP),
try_to_numeric,"{345.123, 10, 2}",345.12,,,
try_to_numeric,"{345.123, 4, 2}",NULL,,,
try_to_numeric,"{'$345.12', '$999.00'}",345,,,
try_to_numeric,"{'$345.12', '$999.00', 5, 2}",345.12,,,
try_to_numeric,"{'$345.12', 5, 2}",NULL,,,
try_to_time,,,roberto,v2,
try_to_timestamp,,,roberto,v2,
try_to_timestamp_ntz,,,roberto,v2,
try_to_timestamp_tz,,,roberto,v2,
unicode,,,roberto,v2,
uniform,,,roberto,v2,
uuid_string,,,roberto,v1 (WIP),
variance_samp,,,roberto,v2,
week,2016-01-02 23:39:20.123',1,roberto,v1,
week,2016-01-02 23:39:20.123',53,,,
weekiso,,,roberto,v2,
xmlget,,,roberto,v2,
yearofweek,,,roberto,v2,
yearofweekiso,,,roberto,v2,
zeroifnull,1.00000',1.00000',roberto,v1,
zeroifnull,NULL,0.00000',,,
zeroifnull,5.00000',5.00000',,,
zeroifnull,0.00000',0.00000',,,
zeroifnull,3.14159',3.14159',,,